Sexual_words,,
Anal,,1
Aroused,,
assblaster,,
ass cowboy,,
ass,,
AssMan,,
assranger,,
ass whore,,1
ass-jabber,,
ass-pirate,,
assbandit,,
assbanger,,
assfuck,,
assfucker,,
asshopper,,
assclown,,
asslick,,
asslicker,,
asspacker,,
asspuppy,,
asssucker,,
Bad Fuck,,
Ball licker,,
Balls,,1
bastard,,
bitch,,1
big butt,,1
bitch ass,,1
bitcher,,
bitchtits,,
bite me,,
Blowjob,,1
blowjob,,1
boobies,,1
boobs,,1
BOONGA,,
Boobjob,,1
Breast Job,,
Breast Man,,
brothel,,1
brotherfucker,,
bulldyke,,
bumblefuck,,
ButchDyke,,
butt,,1
butt fucker,,
butt pirate,,
buttbang,,
Buttfuck,,
buttfucka,,
butthead,,
buttpirate,,
byatch,,
"carpet muncher 
",,
cherry popper,,
Chode,,
Clam digger,,
Clit,,1
clitfuck,,
cock,,1
cock block,,
cock cowboy,,
cock fight,,
cock jockey,,
Cock knob,,
Cock Licker,,
Cock Smoke,,
cock suck,,
cock tease,,1
cockblocker,,
Cockhead,,
cockmaster,,
cockmongler,,
cockmuncher,,
Cocknugget,,
Cockqueen,,
cockrider,,
cocksman,,
cocksmith,,
cocksmoker,,
cocksniffer,,
cocksucked,,
Cocksucker,,1
Cocksucking,,1
coochie,,1
coochy,,
coondog,,
cornhole,,
crotchrot,,
cum,,1
cum bubble,,
cum guzzler,,
Cum jockey,,
cum tart,,
cumdumpster,,1
cummer,,
cumming,,
Cumqueen,,
cumshot,,
cunilingus,,
cunnilingus,,
cunt,,1
cunt rag,,1
Cuntass,,
cuntfuck,,
cuntfucker,,
cunthole,,
cuntlick,,
cuntlicker,,
cuntlicking,,
deepthroat,,1
dick beaters,,
Dick for brains,,
Dick Licker,,
dick weasel,,
dick wod,,
Dickbag,,
Dickfuck,,
dickfucker,,
dicklick,,
dickman,,
dickmonger,,
dickslap,,
dicksucker,,
dicksucking,,
dicktickler,,
doggystyle,,
dyke,,1
eat me,,
eat pussy,,
Ejaculate,,
ejaculating,,
enema,,
erection,,
escort,,
Fagfucker,,
faggot,,
fagot,,
fanny fucker,,
fastfuck,,
fear,,
felatio,,
Felch,,
felcher,,
felching,,
fellatio,,
Feltcher,,
feltching,,
finger fuck,,
finger fucker,,
fingerfuckers,,
fingerfucking,,
fist fuck,,
fist fucked,,
fistfucker,,
fistfucking,,
fisting,,
Flange,,
foot fuck,,
footfucker,,
Foursome,,
free fuck,,
fu,,
fuck,,
fucka,,
fuckable,,
fuckass,,
fuckbag,,
fuckboy,,
fuckbrain,,
fuckbuddy,,
fucked,,
fucker,,
fuckers,,
fuckersucker,,
fuckface,,
fuckfest,,
fuckfreak,,
fuckfriend,,
fuckhead,,
fuckher,,
fuckina,,
fucking,,
fuckingbitch,,
fuckit,,
fuckknob,,
fuckme,,
fuckmehard,,
fuckmonkey,,
fuckpig,,
fucktard,,
fuckup,,
fuckwhore,,
fuckyou,,
fudge packer,,
Fugly,,
Funfuck,,
gangbang,,
gangbanger,,
gayass,,
gaydo,,
gayfuckist,,
gaylord,,
gaytard,,
gaywad,,
genitals,,
give head,,
Glazed donut,,
goddamn,,
goldenshower,,
gooch,,
handjob,,
harder,,
hoe,,
headfuck,,
ho,,
heterosexual,,
homo,,
homosexual,,
hotpussy,,
humping,,
hussy,,
hymen,,
incest,,
intheass,,
inthebuff,,
jism,,
jiz,,
jizim,,
jizjuice,,
jizm,,
jizzim,,
jizzum,,
kinky,,
kissass,,
kooch,,
kootch,,
lam diver,,
lapdance,,
lesbian,,
lezbo,,
libido,,
limpdick,,
livesex,,
lovebone,,
lovejuice,,
lovemuscle,,
lubejob,,
mastabate,,
mastabater,,
masterbate,,
masterblaster,,
mastrabator,,
masturbate,,
masturbating,,
milf,,
minge,,
molest,,
molestation,,
molester,,
molestor,,
moneyshot,,
mothafucka,,
mothafuckin,,
motherfucker,,
motherfucking,,
muffdive,,
muffindiver,,
mufflikcer,,
nipple,,
fatherfucker,,
sisterfucker,,
pussy,,
nude,,
nutsack,,
orgasim,,
orgasm,,
panooch,,
pearlnecklace,,
pecker,,
peehole,,
peni5,,
penile,,
penis,,
penisbanger,,
penises,,
penisfucker,,
penispuffer,,
pindick,,
pissflaps,,
playboy,,
playgirl,,
polesmoker,,
poon,,
poonani,,
poontang,,
porn,,
pornflick,,
pornking,,
porno,,
pornography,,
pornprincess,,
prostitute,,
pu55i,,
pu55y,,
pube,,
pud,,
pudboy,,
pudd,,
puddboy,,
puntang,,
puss,,
pussie,,
pussies,,
pussycat,,
pussyeater,,
pussyfucker,,
pussylicker,,
pussylicking,,
pussylips,,
pussylover,,
pussypounder,,
pusy,,
queerhole,,
quim,,
rape,,
raped,,
raper,,
rapist,,
rear entry,,
rentafuck,,
rimjob,,
rimjob,,
schlong,,
semen,,
short fuck,,
sixtynine,,
sixtyniner,,
skank,,
skank bitch,,
skank fuck,,
skank whore,,
skanky,,
skanky bitch,,
skanky whore,,
skin flute,,
skullfuck,,
slut wear,,
slut whore,,
slutbag,,
sluts,,
slutt,,
slutting,,
slutty,,
slutwhore,,
snatch,,
sodom,,
sodomise,,
sodomite,,
sodomize,,
sodomy,,
spank the monkey,,
spermbag,,
spermhearder,,
spermherder,,
spooge,,
stiffy,,
suck,,
suckdick,,
suckme,,
suckmytit,,
testicles,,
titbitnipply,,
titfucker,,
titfuckin,,
tittie,,
titties,,
titty,,
tittyfuck,,
transexual,,
transsexual,,
transvestite,,
trisexual,,
twat,,
twat,,
twatwaffle,,
twobitwhore,,
uck,,
unclefucker,,
unfuckable,,
uptheass,,
va-j-j,,
vag,,
vaginal,,
vajayjay,,
virginbreaker,,
vjayjay,,
wank,,
wank,,
wanker,,
wanking,,
wankjob,,
wetspot,,
whore,,
whorefucker,,
williewanker,,
